1.1772,2.4442,1
5.6909,1.9579,1
0.5667,4.2812,1
1.6254,1.5892,1
3.0351,2.4537,1
3.0205,1.5610,1
5.9271,3.2468,1
2.7970,4.7301,1
0.5101,2.7663,1
1.4692,4.1814,1
1.7521,5.4908,1
1.4661,5.3084,1
5.2189,1.5406,1
5.9940,4.5354,1
2.6192,1.3611,1
3.8731,4.5417,1
4.0426,3.7040,1
3.2544,4.5711,1
5.3310,3.1377,1
5.2713,1.7831,1
3.4403,5.4893,1
4.7902,5.3105,1
1.0169,0.5202,1
1.3072,4.6828,1
1.0049,3.5965,1
2.8607,0.6736,1
5.8758,3.9816,1
1.2847,0.9812,1
1.1487,5.8219,1
5.4004,3.9165,1
2.0059,2.0341,1
1.4414,2.9516,1
2.4510,1.1713,1
2.7754,3.2666,1
3.4542,1.7023,1
4.5568,4.9979,1
2.7821,4.9533,1
4.9574,5.1776,1
0.8662,0.9072,1
1.9215,5.6240,1
4.7231,1.1757,1
2.1088,3.1004,1
2.2460,1.2591,1
2.7679,0.5622,1
1.0251,1.3250,1
5.4150,1.4114,1
3.7455,1.8265,1
3.9473,1.9735,1
4.7793,4.0448,1
5.9977,2.5239,1
3.8432,1.4542,1
1.7197,1.0005,1
1.6126,3.0759,1
5.8759,5.2544,1
2.9839,5.3235,1
5.7088,2.7973,1
4.4154,2.2186,1
0.6110,1.1939,1
2.6618,0.8558,1
2.3761,1.7253,1
0.5970,0.9425,1
1.0871,4.7387,1
3.1489,0.7842,1
2.2562,3.4890,1
4.8404,3.8913,1
3.5427,4.4166,1
4.7965,2.1641,1
3.6768,5.4390,1
3.1376,3.3620,1
3.2438,0.5685,1
5.3756,3.1985,1
4.8029,0.5295,1
5.8762,1.4575,1
5.1858,1.8833,1
5.2164,5.0223,1
0.9296,1.2876,1
3.9138,4.8406,1
4.2310,4.3523,1
0.8627,0.8144,1
1.1911,3.9227,1
2.2603,3.1691,1
2.5985,2.9207,1
1.3736,1.6939,1
4.9930,0.7313,1
5.8940,2.9713,1
4.6358,2.5830,1
1.1059,3.9841,1
4.6942,4.6432,1
5.8233,1.8812,1
4.5346,3.3048,1
4.1777,1.8173,1
5.3514,5.2746,1
2.5395,3.0354,1
4.1348,0.8466,1
5.9781,1.6990,1
1.1919,1.0337,1
2.1346,5.8787,1
1.0420,1.5129,1
2.8017,5.1567,1
4.8077,3.7829,1
4.0578,3.2777,1
3.1089,4.6807,1
1.3377,5.7891,1
5.5657,3.1188,1
1.1400,4.0775,1
3.3707,3.8363,1
5.6082,1.2160,1
4.4564,2.3638,1
1.7064,4.3002,1
3.1292,4.9857,1
4.4129,5.3310,1
3.4258,3.7019,1
0.6685,2.9374,1
1.7809,4.2421,1
5.4685,1.6454,1
2.9986,1.7988,1
5.6710,5.1206,1
1.1234,1.5624,1
3.9752,2.9796,1
1.3985,4.9473,1
2.1092,1.4220,1
0.5224,2.5843,1
4.5193,5.7937,1
4.9929,1.8426,1
0.6361,0.6731,1
2.6427,5.3872,1
1.2378,3.5881,1
1.0092,5.5555,1
1.2838,3.6358,1
2.7975,5.3477,1
3.8552,4.5548,1
3.8644,2.2619,1
2.6637,3.2281,1
5.5521,3.9399,1
1.2249,4.7706,1
3.7432,5.2938,1
5.3684,1.1189,1
2.1264,5.0586,1
3.9110,5.4368,1
0.9795,1.5777,1
0.5497,4.8858,1
4.2384,5.4864,1
1.3223,1.2134,1
0.8367,1.6442,1
2.6034,0.5016,1
4.7342,2.3430,1
2.5861,2.3813,1
4.9627,4.3379,1
4.5677,3.6680,1
0.8901,3.7261,1
2.1323,4.8496,1
5.5991,1.4149,1
2.9668,0.7168,1
4.9360,5.2997,1
2.0572,5.3603,1
2.1591,3.2551,1
2.4347,3.1384,1
2.9727,2.7852,1
1.2947,2.5663,1
5.0341,4.8439,1
2.8477,5.7826,1
4.0872,0.6084,1
5.4649,5.8887,1
4.1014,2.1336,1
5.1596,4.7873,1
0.5208,4.3566,1
4.9424,0.6687,1
4.6887,3.8573,1
1.9773,2.0670,1
2.6840,0.9484,1
2.5938,4.9978,1
1.1678,3.4625,1
3.5123,4.0461,1
3.5968,3.7424,1
5.2059,2.8962,1
4.7972,3.6681,1
0.5500,4.7510,1
4.5078,1.0513,1
5.9864,5.2001,1
4.6605,5.1023,1
0.8738,3.7656,1
4.4796,1.8881,1
5.4450,3.7347,1
4.3397,4.0724,1
1.4705,2.4447,1
3.6538,2.7796,1
4.6694,5.8870,1
1.6355,4.0554,1
0.8939,4.1589,1
5.4853,5.1021,1
4.2715,1.7808,1
5.0096,0.8764,1
3.3227,4.9005,1
5.2191,3.0841,1
4.7329,4.1565,1
5.9024,3.8981,1
5.2085,5.1452,1
1.3315,3.4034,1
3.1267,0.6096,1
5.2946,4.1332,1
1.8915,5.7146,1
3.9901,1.2311,1
1.1337,1.2211,1
5.9223,1.9820,1
5.5577,2.5904,1
1.0322,5.9799,1
0.6736,5.9494,1
2.4916,1.4441,1
5.9380,1.5291,1
1.1702,4.1733,1
3.7900,0.9541,1
3.2336,4.8168,1
5.0175,3.0041,1
4.3594,1.9626,1
0.7523,2.5056,1
3.8492,4.2551,1
0.8474,3.0923,1
4.3785,5.5518,1
5.6760,1.6475,1
1.9389,1.6624,1
5.2463,4.7584,1
0.9655,5.8960,1
4.6851,2.0300,1
3.8092,0.6642,1
5.1238,3.4242,1
0.5900,1.5541,1
4.7342,5.5702,1
3.5306,5.8532,1
3.3976,4.8123,1
1.5995,1.5615,1
4.5707,0.7269,1
5.3853,1.0129,1
1.9910,0.6983,1
4.1219,5.2950,1
5.3084,1.9114,1
1.4475,2.5994,1
3.3900,4.3297,1
3.5358,5.1475,1
0.6776,5.1053,1
2.8953,1.1680,1
5.2667,3.1676,1
3.1226,3.9783,1
4.4802,5.0448,1
3.5074,3.9322,1
1.6156,2.6927,1
4.6627,5.1956,1
0.9688,0.6561,1
2.5833,0.9696,1
4.9788,2.1737,1
1.3572,3.7172,1
3.1418,5.6467,1
4.6242,4.2005,1
5.3281,1.7765,1
1.0576,2.8193,1
4.4877,1.5192,1
4.7320,2.9364,1
2.6482,2.6284,1
5.7459,1.8496,1
4.2648,2.1248,1
1.9889,4.1434,1
1.9270,3.9955,1
4.5772,4.3597,1
3.3874,3.2993,1
5.1396,3.0237,1
3.6646,3.0276,1
5.8247,1.8439,1
5.0974,1.3946,1
4.6436,3.6282,1
0.5271,3.7769,1
1.8892,4.7598,1
5.5076,4.8234,1
2.9008,2.1062,1
5.0622,0.9558,1
2.6591,2.9177,1
0.9637,5.4819,1
4.1578,1.4095,1
4.9409,5.9468,1
4.5979,3.3359,1
4.9966,4.4805,1
0.7090,4.3748,1
5.5282,3.1643,1
5.8645,3.3232,1
3.9313,2.9337,1
5.8792,2.6719,1
5.7389,5.4330,1
5.8973,3.3400,1
3.7657,2.0177,1
3.0891,2.7166,1
4.1153,4.1581,1
3.2431,3.6563,1
5.0759,2.5552,1
0.5781,1.5269,1
2.0474,4.4604,1
5.0476,3.2891,1
3.1560,5.8866,1
2.9927,2.4974,1
1.5934,2.4155,1
0.7552,5.5089,1
2.6380,4.3336,1
2.7798,2.9018,1
0.6375,2.1508,1
5.2313,5.7638,1
3.8676,1.7355,1
5.5943,5.1859,1
5.6404,5.3154,1
2.5814,2.3603,1
3.1628,3.7634,1
1.5942,2.8471,1
3.1142,3.3361,1
1.2950,2.3873,1
0.8950,1.0110,1
1.1551,0.5724,1
2.7508,4.8259,1
4.8774,5.9829,1
4.9658,2.9547,1
1.8294,5.0732,1
0.7820,4.7490,1
0.7894,1.5702,1
4.2916,2.8793,1
2.6549,5.0181,1
5.3935,4.5501,1
1.6784,5.4806,1
5.9128,5.9741,1
1.6288,0.7052,1
3.6488,5.7018,1
1.4909,5.9739,1
2.1598,3.1039,1
2.3639,4.2944,1
2.1247,5.4924,1
2.7470,5.1488,1
1.8719,3.2674,1
1.5824,2.2702,1
2.2902,1.2491,1
4.3187,3.3482,1
2.9194,5.8028,1
0.6907,3.6020,1
5.4511,2.9908,1
1.6206,4.5172,1
3.4520,0.5790,1
1.6480,5.4882,1
4.7538,2.0449,1
3.6389,2.8770,1
5.8079,5.4513,1
5.4594,3.3958,1
1.6057,1.1743,1
5.8091,2.6118,1
3.2375,1.9365,1
5.3230,4.1757,1
3.5118,2.8144,1
1.9974,0.8849,1
2.5515,1.7283,1
4.4935,2.2343,1
1.4758,5.7213,1
3.0637,1.9907,1
1.6641,4.2966,1
3.8053,0.5718,1
2.1115,2.3151,1
1.1003,4.0697,1
4.6545,2.4954,1
2.1011,0.9611,1
3.2424,3.7530,1
2.4859,5.9556,1
1.2229,1.5383,1
1.8595,5.9413,1
5.4686,3.1946,1
4.0109,3.8728,1
3.5722,2.0793,1
2.4152,4.9312,1
5.4809,4.1152,1
1.3056,3.5130,1
2.8124,4.6260,1
5.8003,5.1689,1
0.7908,4.1413,1
4.5655,4.8781,1
4.5023,0.7024,1
5.3754,1.9540,1
4.9914,0.7132,1
4.6442,3.8457,1
5.2181,2.3526,1
4.2563,5.2394,1
4.3536,5.7400,1
3.5251,4.8936,1
1.4128,5.9219,1
2.9763,1.0437,1
0.7105,2.1892,1
0.6228,0.6692,1
2.4719,1.3158,1
3.9473,5.3172,1
1.4818,0.8770,1
3.7629,1.9450,1
0.5394,0.6731,1
2.0470,1.3383,1
2.1723,4.8761,1
4.9752,3.9542,1
1.3548,3.2460,1
3.0038,4.1416,1
4.1150,2.2262,1
1.2768,4.4966,1
1.0312,5.5403,1
5.0206,2.9156,1
0.6270,1.6473,1
2.2385,5.0397,1
5.1639,2.9123,1
1.8101,5.5193,1
3.6238,5.8642,1
4.0045,5.7381,1
5.6876,2.1717,1
2.0907,2.5168,1
4.6857,4.3303,1
3.8415,5.1822,1
1.9173,1.9011,1
2.8583,0.6116,1
5.1107,5.8883,1
5.1215,4.0979,1
4.5072,4.4098,1
4.5831,1.0530,1
4.9627,4.6238,1
5.3430,3.4006,1
2.3745,0.8384,1
1.4591,0.6204,1
5.3758,3.3518,1
4.2981,0.6768,1
4.5266,4.3329,1
1.7948,5.2775,1
2.2723,1.8440,1
2.9340,3.4753,1
1.0402,2.7996,1
3.0635,4.9868,1
4.5439,3.4974,1
0.6343,4.2897,1
5.8470,0.6091,1
3.6112,3.8520,1
4.1766,5.0338,1
1.0168,0.7688,1
5.8298,3.4491,1
2.9204,3.8461,1
1.8537,3.7463,1
2.2488,3.7182,1
3.7987,3.8615,1
4.4160,2.9688,1
3.6639,3.9504,1
0.7468,2.3267,1
1.1085,1.1631,1
0.8257,2.2903,1
1.8960,3.3080,1
4.1641,5.3207,1
2.8447,4.6749,1
5.6220,5.3406,1
3.7297,3.8874,1
3.9596,5.5114,1
3.8114,1.8451,1
1.5628,1.9581,1
3.1174,4.5911,1
5.2021,5.6507,1
2.5599,1.9820,1
4.4513,3.4517,1
4.4235,2.7727,1
1.8343,3.5310,1
2.1119,3.5646,1
4.4699,3.9780,1
5.6926,3.4103,1
4.9657,2.1063,1
0.8320,1.4640,1
5.7225,0.7239,1
5.8873,1.8931,1
5.6382,3.8704,1
0.9216,3.8330,1
5.6178,2.9873,1
3.1629,4.6091,1
4.7333,1.0235,1
1.7556,4.7620,1
4.8127,4.8528,1
1.2954,5.9887,1
4.8620,2.7002,1
3.9445,4.0294,1
2.8911,2.8551,1
1.6735,3.4210,1
1.0418,2.0757,1
1.1159,4.6077,1
4.2372,4.7767,1
5.9732,4.3333,1
5.1294,0.7432,1
0.5068,4.6479,1
1.9724,5.4955,1
4.2011,4.1694,1
4.5943,4.2600,1
1.0097,2.9498,1
1.6546,4.3886,1
1.5648,2.5881,1
3.2330,4.7805,1
4.8322,2.4791,1
0.8716,5.6569,1
4.3371,2.7721,1
1.2418,5.1781,1
0.7411,3.4720,1
3.9671,3.6901,1
2.3540,4.9191,1
2.7849,4.8324,1
4.4341,0.6535,1
2.8652,1.6753,1
3.6209,4.7030,1
2.4131,5.6135,1
3.1050,3.9116,1
1.1168,1.2787,1
4.0230,5.6719,1
3.9743,4.2955,1
2.9313,4.5055,1
0.9114,5.4102,1
2.7269,5.2645,1
4.6785,3.4932,1
3.4469,1.1732,1
3.6639,3.6346,1
3.3407,2.1577,1
4.9702,3.4781,1
3.7628,1.3564,1
5.8382,0.8921,1
4.1776,4.5566,1
2.4147,5.0072,1
1.3227,2.7915,1
2.7253,0.7754,1
0.6209,5.5193,1
1.5214,5.1630,1
5.6806,4.1680,1
0.8010,4.4529,1
3.1717,4.0704,1
1.0513,4.2223,1
5.1951,2.1495,1
4.4030,2.9566,1
1.4178,4.9143,1
2.6665,4.5028,1
1.2992,5.4971,1
1.7447,2.3173,1
0.8048,1.5527,1
3.2721,1.9382,1
4.3047,0.6639,1
2.3154,2.8322,1
3.2889,2.1980,1
4.5344,2.4267,1
3.6861,2.2574,1
5.3957,1.7330,1
2.5335,2.7740,1
4.8283,2.4713,1
2.1225,0.6196,1
2.1561,2.8082,1
2.9858,3.8361,1
1.8736,5.4594,1
3.9128,3.0408,1
3.8128,1.6990,1
0.8405,2.7692,1
4.2952,1.8510,1
4.3697,1.0994,1
3.6672,4.4882,1
3.6115,5.0967,1
0.8758,2.5393,1
4.6863,4.7391,1
4.3488,3.2547,1
4.2885,3.3807,1
2.3470,4.8142,1
5.1098,3.1638,1
5.2069,4.0739,1
3.1347,2.5372,1
1.6499,4.9632,1
3.7335,5.0724,1
4.0590,4.6281,1
5.8060,1.3600,1
1.2012,1.8830,1
3.7780,5.1503,1
4.3017,4.8610,1
0.9065,0.5741,1
3.8778,1.2091,1
5.9037,4.2565,1
4.6677,2.9837,1
3.6779,3.7921,1
3.7624,1.6995,1
2.3356,3.1872,1
3.6828,5.9944,1
3.7164,1.9186,1
2.3725,5.1159,1
0.6981,4.3478,1
3.2595,3.2110,1
5.3022,3.5946,1
2.0186,3.0270,1
5.2807,0.9861,1
1.8068,2.2276,1
0.6348,2.9599,1
4.1662,4.3994,1
5.7770,3.1719,1
5.0434,3.4872,1
4.5311,1.7345,1
5.5481,1.9467,1
5.6454,5.2039,1
5.8057,1.5829,1
3.2022,4.7807,1
3.6965,0.8035,1
0.9181,3.0487,1
3.8546,2.5975,1
4.1708,5.3108,1
5.0784,5.1548,1
5.9197,4.7287,1
5.1662,2.6353,1
2.2477,5.0713,1
1.2411,3.9306,1
3.9711,1.4639,1
3.8379,3.8359,1
5.7684,4.6284,1
2.7141,2.5510,1
0.8816,5.5308,1
2.7800,2.0241,1
0.9659,4.9473,1
1.0552,3.7139,1
3.0874,3.9712,1
4.6847,4.6403,1
4.2959,3.4613,1
1.4853,4.1386,1
3.6464,4.2193,1
2.0221,5.7781,1
3.6293,3.8677,1
2.8102,3.4723,1
5.2277,2.9653,1
3.7303,5.5090,1
2.9491,0.7607,1
1.2532,2.7031,1
1.2428,3.4226,1
4.3465,3.4884,1
1.4388,0.6539,1
3.0073,4.6070,1
4.8739,4.5331,1
1.6666,2.3793,1
4.6645,1.7481,1
0.6195,2.0673,1
2.4929,1.4404,1
4.9355,4.1058,1
4.6133,0.9627,1
5.3309,2.4048,1
5.5970,0.9225,1
1.8619,4.1410,1
3.0214,1.5312,1
5.6863,5.8514,1
2.9991,2.7917,1
3.5310,4.7397,1
4.9006,5.2921,1
2.0554,3.5159,1
1.7833,3.0602,1
5.9308,2.4204,1
3.7899,5.6675,1
1.2648,4.4349,1
3.4943,0.8057,1
3.0315,4.2377,1
1.2760,1.2165,1
4.2007,3.2995,1
4.2967,5.0768,1
1.0609,3.6753,1
4.2639,4.0438,1
1.8781,5.2212,1
2.5177,5.6791,1
2.0326,0.6565,1
3.1966,4.0707,1
3.3909,1.3115,1
4.3803,2.3373,1
3.5559,4.5110,1
3.4575,1.1494,1
2.0921,5.9242,1
0.9961,1.0866,1
1.2920,4.1946,1
5.9885,3.5225,1
3.0476,1.9241,1
4.6192,1.5080,1
2.5019,1.9545,1
4.2592,2.4758,1
2.4920,5.7382,1
5.6215,3.1029,1
5.5305,0.9255,1
0.5572,5.6283,1
1.8560,0.7812,1
2.5257,4.1883,1
2.1197,4.9352,1
3.9282,5.4846,1
2.4734,3.5672,1
2.8912,4.9907,1
2.4553,5.7093,1
0.9478,4.3057,1
2.4165,4.4232,1
1.4999,0.7879,1
4.7704,2.2423,1
4.1693,3.6131,1
1.7925,5.2247,1
4.4873,4.5577,1
2.7640,5.0699,1
5.0982,2.1370,1
3.9566,4.6675,1
2.3084,4.8219,1
3.1535,4.4724,1
4.1809,2.3816,1
3.7856,3.8861,1
5.4697,1.2212,1
3.9168,2.0524,1
1.1822,0.9324,1
2.0047,1.9943,1
5.0791,2.5403,1
5.8170,2.5876,1
1.0745,2.8504,1
1.3975,1.9177,1
5.3774,1.5253,1
0.6076,4.2300,1
4.3008,1.6921,1
2.8937,5.5055,1
4.5061,4.1426,1
4.2719,4.1380,1
2.1272,4.7284,1
4.2438,4.9278,1
1.4817,2.2992,1
0.9384,5.8317,1
4.3165,5.3968,1
1.6561,3.6147,1
1.4655,4.1495,1
3.8583,3.5323,1
4.9619,5.7304,1
0.8687,4.2488,1
1.7399,4.4792,1
5.5863,4.0163,1
0.9923,5.8105,1
2.3285,3.7994,1
3.8270,5.9340,1
1.5466,4.5565,1
0.9595,5.4426,1
2.0783,1.2949,1
4.1509,5.6145,1
4.9942,3.1117,1
0.7474,1.4445,1
5.5104,3.2386,1
3.8873,4.8801,1
2.5294,1.1308,1
5.8762,5.7864,1
4.5963,0.9405,1
4.6278,3.5535,1
5.3261,1.3397,1
0.5682,4.3767,1
4.6136,4.8255,1
5.4857,3.5254,1
4.9811,5.3902,1
5.7407,5.4312,1
4.0906,1.9019,1
5.3586,2.1160,1
4.0397,4.2955,1
4.6589,5.3318,1
1.0408,2.6370,1
4.3462,3.7888,1
1.1128,1.1045,1
5.5000,5.2645,1
0.5147,0.7317,1
5.6097,4.5859,1
2.9454,4.4392,1
5.9489,4.3674,1
3.5705,5.4481,1
4.8187,0.6146,1
1.8855,3.4453,1
5.4607,2.1291,1
4.8816,1.5070,1
1.5932,1.9730,1
2.2454,2.5562,1
2.2627,1.3226,1
5.2670,0.7289,1
2.4112,4.5047,1
0.9866,3.2433,1
1.1584,5.2819,1
4.7431,3.3828,1
4.7696,5.0170,1
4.3137,3.0911,1
2.2604,3.0861,1
4.6370,2.7451,1
2.4422,3.5648,1
2.6963,4.1458,1
0.7837,3.6212,1
5.1006,1.4861,1
4.6646,4.1525,1
3.5208,5.3133,1
1.8818,2.5928,1
2.7023,4.7761,1
5.9152,0.6767,1
3.9643,0.5455,1
2.7469,1.5823,1
3.2375,1.9497,1
4.1623,3.8377,1
0.9081,3.4194,1
5.3326,2.6930,1
2.0765,1.2671,1
2.3578,4.8809,1
2.7859,0.8737,1
0.6864,3.6116,1
4.4288,1.0255,1
5.9086,2.2285,1
4.0895,2.4811,1
5.1403,1.7087,1
0.6608,4.5504,1
3.3827,2.3728,1
3.3501,5.3721,1
4.6026,4.8861,1
4.1942,3.3996,1
5.5877,2.2127,1
5.9079,3.3465,1
4.4565,0.7389,1
5.0754,5.3448,1
2.0263,4.7781,1
0.7250,2.4047,1
3.0146,3.0221,1
1.4163,4.9250,1
4.8641,3.7604,1
5.1144,5.0355,1
2.5863,1.8074,1
2.4394,3.9484,1
5.8132,1.9387,1
2.9480,5.1852,1
5.8868,2.9481,1
3.8306,2.0032,1
4.2496,4.5805,1
4.9967,2.0107,1
3.3969,4.5645,1
0.6387,2.6371,1
0.5494,5.5306,1
3.0485,3.4075,1
5.8588,3.7921,1
2.3976,3.4150,1
5.7963,4.8622,1
3.8945,4.8039,1
4.9396,3.3154,1
3.3087,4.6821,1
3.2242,3.7037,1
0.8155,4.9252,1
0.7041,1.7531,1
3.2344,3.9132,1
0.6817,4.7592,1
3.6564,5.8701,1
3.4024,3.8624,1
5.3425,3.2372,1
3.4028,5.7409,1
3.2447,4.1724,1
5.5293,1.1798,1
3.6004,0.7493,1
1.4397,4.7264,1
5.2789,5.5374,1
2.7332,4.0786,1
4.2129,3.0037,1
1.8030,1.5153,1
0.5199,0.8209,1
4.3555,2.7239,1
4.3976,1.9489,1
2.9389,0.7606,1
2.1436,2.9976,1
1.2647,3.7543,1
3.9243,5.3481,1
1.3451,5.2859,1
3.9824,3.3301,1
5.3148,5.3276,1
1.0758,4.3979,1
1.0210,4.9409,1
5.5524,2.0713,1
2.6704,5.6983,1
3.0687,1.3593,1
1.0599,2.0524,1
4.3944,3.0956,1
4.1181,5.1512,1
2.9553,0.9206,1
1.4492,5.4776,1
1.7181,2.5026,1
4.9405,5.0379,1
4.7912,0.6677,1
3.6809,2.4464,1
5.2710,2.1113,1
5.0329,1.4272,1
5.6308,4.5116,1
5.6493,5.0708,1
5.3332,2.6747,1
0.7979,1.7568,1
0.7811,3.0246,1
2.7083,5.4528,1
2.1658,3.4182,1
5.0765,1.2373,1
1.1298,1.8563,1
1.0665,1.1145,1
1.5835,1.6463,1
4.6380,1.5755,1
1.7785,4.1087,1
3.5755,5.1420,1
4.7280,4.8541,1
3.4823,5.8748,1
3.4657,2.6489,1
3.1115,5.1231,1
4.1862,2.8343,1
1.8959,1.3334,1
2.6514,2.3685,1
2.4590,4.3282,1
4.7975,0.7901,1
1.5672,2.7971,1
5.3534,2.7926,1
1.5836,5.6281,1
3.1858,0.9765,1
5.1871,1.2962,1
2.5071,2.5446,1
1.5316,4.6019,1
4.3428,3.3020,1
1.1248,3.8370,1
0.8770,1.1767,1
5.8084,3.3856,1
3.6874,5.1794,1
3.8948,5.5545,1
1.7886,3.7456,1
5.7342,4.3289,1
2.3568,4.5423,1
3.7416,2.1995,1
5.2147,2.0349,1
4.2061,5.4525,1
3.0987,3.0526,1
4.6478,4.4200,1
3.9332,4.3334,1
4.9539,5.3651,1
5.4226,1.7442,1
4.3377,5.5408,1
2.8716,0.6489,1
1.8928,1.5246,1
3.3827,1.9093,1
2.1888,2.2349,1
5.1732,0.8788,1
2.3711,2.1812,1
2.2756,5.6030,1
1.5979,1.1219,1
3.6356,0.5194,1
3.4112,5.2348,1
3.7702,3.4868,1
1.7571,2.9183,1
2.9624,0.7052,1
2.1209,3.6931,1
5.8433,0.8154,1
5.9852,4.7065,1
4.0032,0.8741,1
5.6648,4.1771,1
2.4576,5.5763,1
1.1798,0.6228,1
1.7492,1.6724,1
5.2563,4.2162,1
1.8778,2.2805,1
3.5737,1.4161,1
5.3939,0.8229,1
1.3344,3.0127,1
1.5362,5.1106,1
3.4794,1.2920,1
3.6621,2.8041,1
1.8483,2.8291,1
0.9731,0.5389,1
0.6216,1.5832,1
2.2621,3.3164,1
1.8756,1.3442,1
3.6031,4.8988,1
2.4685,0.8434,1
2.3247,3.0334,1
1.7565,4.4231,1
1.6668,2.7518,1
4.2140,5.8508,1
2.4430,3.1435,1
2.0546,5.8084,1
2.0421,1.6867,1
4.4021,4.6443,1
1.7458,5.7454,1
2.1954,2.5757,1
4.7203,4.7230,1
3.0857,1.9170,1
4.4915,5.0653,1
2.3182,4.4224,1
0.5013,5.8479,1
5.0599,4.2603,1
1.4074,5.6353,1
5.7363,5.4954,1
3.5335,1.3425,1
2.9170,5.1013,1
2.2091,0.8357,1
5.5078,2.5181,1
4.8789,1.9370,1
0.9927,2.1090,1
1.5721,5.6126,1
5.8951,2.3492,1
2.3380,5.7142,1
0.6296,2.6386,1
1.3102,3.7105,1
5.0016,5.7903,1
3.1038,0.6044,1
5.7147,2.8658,1
4.4226,0.8958,1
0.9931,1.7161,1
2.4998,2.6487,1
3.7668,3.6549,1
4.5690,3.8555,1
4.8729,4.0694,1
5.2183,3.6153,1
5.2213,0.8769,1
4.2427,1.3989,1
2.1810,4.6591,1
5.0088,5.9029,1
4.9833,5.6492,1
1.2325,3.3289,1
1.2475,0.7514,1
4.3968,0.8621,1
0.2161,0.5745,-1
0.7998,0.9639,-1
0.7677,0.2198,-1
0.8337,0.6578,-1
0.9090,0.8170,-1
0.0131,0.0648,-1
0.0239,0.4637,-1
0.3004,0.4082,-1
0.7260,0.5675,-1
0.0834,0.3769,-1
0.9361,0.8092,-1
0.2941,0.3507,-1
0.7532,0.9288,-1
0.7849,0.2581,-1
0.6820,0.3377,-1
0.5406,0.4313,-1
0.6783,0.1844,-1
0.1580,0.2715,-1
0.9229,0.8046,-1
0.0192,0.5736,-1
0.8970,0.7716,-1
0.5402,0.8949,-1
0.5879,0.0125,-1
0.6622,0.0349,-1
0.3380,0.5472,-1
0.0539,0.8394,-1
0.9624,0.3015,-1
0.8819,0.7475,-1
0.7934,0.6838,-1
0.5035,0.1671,-1
0.2308,0.1422,-1
0.4821,0.3710,-1
0.5640,0.4279,-1
0.2753,0.2242,-1
0.6527,0.9591,-1
0.8324,0.1267,-1
0.3718,0.9844,-1
0.2898,0.6799,-1
0.3710,0.3159,-1
0.7785,0.7437,-1
0.1097,0.9491,-1
0.0204,0.3275,-1
0.3251,0.7380,-1
0.9282,0.4836,-1
0.6654,0.1977,-1
0.3135,0.2203,-1
0.6932,0.3105,-1
0.6881,0.9967,-1
0.7761,0.7706,-1
0.1526,0.8861,-1
0.9074,0.5648,-1
0.2338,0.7682,-1
0.2181,0.0209,-1
0.9426,0.7611,-1
0.7566,0.3080,-1
0.1006,0.7619,-1
0.9629,0.9982,-1
0.5845,0.1932,-1
0.2495,0.0820,-1
0.8419,0.4457,-1
0.8656,0.9817,-1
0.5337,0.4191,-1
0.9323,0.9707,-1
0.1748,0.2779,-1
0.0754,0.3672,-1
0.1748,0.5589,-1
0.3084,0.6739,-1
0.5705,0.2652,-1
0.3077,0.7778,-1
0.7628,0.7558,-1
0.9480,0.2309,-1
0.8464,0.6342,-1
0.3736,0.6125,-1
0.3272,0.4868,-1
0.7366,0.5383,-1
0.4755,0.5000,-1
0.3420,0.5104,-1
0.1919,0.4375,-1
0.3511,0.2889,-1
0.9742,0.8171,-1
0.5811,0.7872,-1
0.9365,0.1764,-1
0.6751,0.5381,-1
0.5861,0.0044,-1
0.9686,0.3673,-1
0.2248,0.2310,-1
0.9907,0.7592,-1
0.8643,0.6028,-1
0.8743,0.3272,-1
0.8886,0.6341,-1
0.7506,0.0507,-1
0.9826,0.2483,-1
0.5934,0.7824,-1
0.0576,0.5458,-1
0.4760,0.6733,-1
0.3889,0.5227,-1
0.7259,0.9245,-1
0.4234,0.2329,-1
0.8658,0.7366,-1
0.9074,0.7455,-1
0.9035,0.3169,-1
0.6166,0.1260,-1
0.0228,0.2483,-1
0.8378,0.0854,-1
0.6077,0.4519,-1
0.9636,0.3274,-1
0.1687,0.0171,-1
0.1398,0.1158,-1
0.2497,0.9438,-1
0.2649,0.4813,-1
0.7944,0.8042,-1
0.1714,0.5785,-1
0.1246,0.3472,-1
0.0394,0.3424,-1
0.7889,0.4086,-1
0.9386,0.2532,-1
0.0257,0.6760,-1
0.0456,0.7489,-1
0.7172,0.4920,-1
0.4028,0.5349,-1
0.7372,0.1497,-1
0.9314,0.5501,-1
0.1386,0.2099,-1
0.8061,0.0383,-1
0.5950,0.0651,-1
0.0454,0.6141,-1
0.9109,0.2055,-1
0.1064,0.4779,-1
0.6832,0.1288,-1
0.8189,0.0168,-1
0.1110,0.4341,-1
0.4754,0.8251,-1
0.8918,0.5530,-1
0.8071,0.4789,-1
0.1435,0.6229,-1
0.9418,0.7066,-1
0.8220,0.5341,-1
0.8007,0.5267,-1
0.7669,0.1930,-1
0.1542,0.5893,-1
0.3782,0.8432,-1
0.4460,0.7571,-1
0.7260,0.3783,-1
0.6606,0.6163,-1
0.3013,0.2433,-1
0.9202,0.0794,-1
0.0276,0.3831,-1
0.3435,0.2200,-1
0.0829,0.2012,-1
0.5689,0.7892,-1
0.2455,0.1674,-1
0.3307,0.7378,-1
0.1354,0.6387,-1
0.4311,0.9806,-1
0.5320,0.5268,-1
0.4571,0.6831,-1
0.1637,0.6054,-1
0.7606,0.6688,-1
0.6313,0.6478,-1
0.3569,0.9020,-1
0.6732,0.2250,-1
0.8967,0.3136,-1
0.8495,0.2528,-1
0.5705,0.6707,-1
0.9292,0.6873,-1
0.4496,0.9160,-1
0.0055,0.7680,-1
0.2692,0.4000,-1
0.5002,0.9128,-1
0.3225,0.6199,-1
0.6715,0.7142,-1
0.5213,0.2686,-1
0.2356,0.7910,-1
0.1638,0.9937,-1
0.5393,0.6874,-1
0.6602,0.7620,-1
0.7085,0.0134,-1
0.2721,0.7304,-1
0.8685,0.8266,-1
0.0762,0.1867,-1
0.9943,0.7374,-1
0.4217,0.5774,-1
0.0331,0.8674,-1
0.1510,0.7270,-1
0.6799,0.7766,-1
0.2697,0.1986,-1
0.9131,0.6771,-1
0.3231,0.6180,-1
0.4105,0.7345,-1
0.0777,0.8960,-1
0.0187,0.0469,-1
0.9248,0.6369,-1
0.0228,0.6409,-1
0.0276,0.6495,-1
0.0160,0.0854,-1
0.9070,0.8957,-1
0.1088,0.8638,-1
0.3104,0.8545,-1
0.7628,0.3154,-1
0.1739,0.4821,-1
0.4402,0.6994,-1
0.2985,0.0128,-1
0.8918,0.1222,-1
0.4395,0.8616,-1
0.1368,0.6180,-1
0.2369,0.6951,-1
0.6339,0.6977,-1
0.3293,0.4738,-1
0.4072,0.2440,-1
0.8628,0.7926,-1
0.4710,0.1793,-1
0.0822,0.8449,-1
0.7008,0.0607,-1
0.9137,0.6677,-1
0.5011,0.2774,-1
0.6973,0.1005,-1
0.7439,0.2043,-1
0.6637,0.4676,-1
0.7800,0.2978,-1
0.1079,0.7619,-1
0.2341,0.5028,-1
0.6940,0.2508,-1
0.7932,0.2162,-1
0.4912,0.9787,-1
0.0372,0.3823,-1
0.0272,0.5670,-1
0.2991,0.8528,-1
0.4472,0.0022,-1
0.2515,0.3190,-1
0.4976,0.2748,-1
0.2704,0.3025,-1
0.4598,0.2838,-1
0.9452,0.4870,-1
0.2992,0.8169,-1
0.2219,0.2969,-1
0.2914,0.4672,-1
0.8989,0.1283,-1
0.8994,0.3055,-1
0.4875,0.9947,-1
0.1111,0.6379,-1
0.1500,0.7087,-1
0.3448,0.5955,-1
0.6241,0.6823,-1
0.2274,0.1756,-1
0.5336,0.2521,-1
0.9872,0.1452,-1
0.4175,0.1372,-1
0.6622,0.4081,-1
0.9297,0.5630,-1
0.6316,0.5588,-1
0.6520,0.5411,-1
0.8080,0.7757,-1
0.8207,0.6767,-1
0.3384,0.6111,-1
0.2033,0.5608,-1
0.6362,0.3318,-1
0.4771,0.9876,-1
0.3885,0.3080,-1
0.7396,0.9573,-1
0.9799,0.6898,-1
0.5658,0.2324,-1
0.4099,0.4128,-1
0.1132,0.7872,-1
0.3313,0.0378,-1
0.6255,0.6114,-1
0.0908,0.8319,-1
0.1651,0.3631,-1
0.5314,0.6564,-1
0.8723,0.6291,-1
0.5109,0.7736,-1
0.6179,0.9306,-1
0.7513,0.7227,-1
0.1949,0.3821,-1
0.0200,0.7353,-1
0.6079,0.1128,-1
0.8612,0.8328,-1
0.7453,0.6094,-1
0.7362,0.9485,-1
0.8319,0.3810,-1
0.5584,0.5377,-1
0.0712,0.2462,-1
0.5451,0.8656,-1
0.6844,0.3928,-1
0.8269,0.6902,-1
0.4523,0.5250,-1
0.1564,0.4815,-1
0.0669,0.0375,-1
0.7408,0.5918,-1
0.2414,0.9325,-1
0.5944,0.5555,-1
0.4588,0.6127,-1
0.0054,0.0424,-1
0.1729,0.2191,-1
0.5211,0.9356,-1
0.4007,0.4937,-1
0.4364,0.7724,-1
0.5278,0.6361,-1
0.2899,0.8084,-1
0.4480,0.1807,-1
0.6171,0.1808,-1
0.0202,0.4849,-1
0.7177,0.4646,-1
0.4193,0.7211,-1
0.2880,0.4882,-1
0.2573,0.8381,-1
0.5092,0.8951,-1
0.9414,0.5520,-1
0.5839,0.3383,-1
0.9171,0.4483,-1
0.9410,0.9019,-1
0.9646,0.4553,-1
0.5569,0.2881,-1
0.1614,0.3788,-1
0.0546,0.6486,-1
0.5224,0.3979,-1
0.9565,0.8261,-1
0.0039,0.3011,-1
0.6339,0.8776,-1
0.0354,0.6144,-1
0.2249,0.5539,-1
0.9269,0.5831,-1
0.0739,0.8361,-1
0.2841,0.1095,-1
0.3860,0.9325,-1
0.4744,0.8027,-1
0.7512,0.2064,-1
0.9032,0.0287,-1
0.4734,0.8000,-1
0.5252,0.3793,-1
0.7150,0.8447,-1
0.6766,0.8910,-1
0.8493,0.8884,-1
0.1659,0.4823,-1
0.4521,0.6203,-1
0.0320,0.2849,-1
0.4873,0.6155,-1
0.8488,0.8378,-1
0.9216,0.8999,-1
0.4423,0.0166,-1
0.2523,0.5147,-1
0.5913,0.2818,-1
0.0082,0.4903,-1
0.1124,0.2007,-1
0.4704,0.0450,-1
0.1718,0.7428,-1
0.8569,0.4867,-1
0.8446,0.3088,-1
0.3245,0.9136,-1
0.1689,0.7876,-1
0.9965,0.7199,-1
0.2543,0.4000,-1
0.7636,0.1376,-1
0.9114,0.8147,-1
0.4012,0.8874,-1
0.7450,0.8051,-1
0.9925,0.0012,-1
0.6165,0.3686,-1
0.4894,0.2547,-1
0.1824,0.0189,-1
0.3648,0.4622,-1
0.6015,0.6815,-1
0.1217,0.3440,-1
0.8678,0.8496,-1
0.8984,0.2423,-1
0.1371,0.3692,-1
0.4593,0.6871,-1
0.2716,0.4115,-1
0.5853,0.8910,-1
0.5733,0.1979,-1
0.7934,0.9707,-1
0.7469,0.5519,-1
0.3221,0.4134,-1
0.8603,0.4130,-1
0.5955,0.3341,-1
0.5485,0.5070,-1
0.0469,0.5226,-1
0.2448,0.8648,-1
0.9273,0.9702,-1
0.1756,0.8622,-1
0.6216,0.5798,-1
0.6979,0.4166,-1
0.3850,0.8875,-1
0.7941,0.8545,-1
0.8635,0.5757,-1
0.4567,0.9032,-1
0.4228,0.3619,-1
0.4979,0.2819,-1
0.4806,0.2715,-1
0.9352,0.8067,-1
0.0658,0.2733,-1
0.3586,0.3774,-1
0.8589,0.5505,-1
0.9015,0.0150,-1
0.6751,0.9586,-1
0.2886,0.9594,-1
0.4165,0.0732,-1
0.6559,0.3577,-1
0.5363,0.5591,-1
0.0641,0.0673,-1
0.3057,0.3929,-1
0.4561,0.5090,-1
0.4802,0.0140,-1
0.9543,0.4926,-1
0.8324,0.5504,-1
0.0758,0.9236,-1
0.4475,0.8686,-1
0.0067,0.3149,-1
0.5668,0.3035,-1
0.4406,0.3230,-1
0.3976,0.8769,-1
0.9153,0.2930,-1
0.0677,0.4639,-1
0.6750,0.0536,-1
0.5970,0.6694,-1
0.7952,0.2688,-1
0.1585,0.5618,-1
0.3221,0.9248,-1
0.5879,0.2120,-1
0.5719,0.7062,-1
0.8278,0.6374,-1
0.5390,0.3726,-1
0.3597,0.6114,-1
0.4081,0.0838,-1
0.3494,0.3362,-1
0.7968,0.3604,-1
0.9962,0.1744,-1
0.0492,0.3206,-1
0.9020,0.7517,-1
0.8376,0.0877,-1
0.7760,0.1108,-1
0.1872,0.7452,-1
0.6984,0.7075,-1
0.9567,0.4317,-1
0.2955,0.0623,-1
0.1459,0.2707,-1
0.1600,0.1063,-1
0.0509,0.7483,-1
0.9756,0.7699,-1
0.3890,0.3338,-1
0.5486,0.7366,-1
0.8854,0.9537,-1
0.1938,0.0179,-1
0.1536,0.2369,-1
0.0797,0.6990,-1
0.4821,0.8758,-1
0.4161,0.9614,-1
0.9065,0.6191,-1
0.9059,0.8315,-1
0.7548,0.4283,-1
0.9264,0.8406,-1
0.5016,0.7540,-1
0.6539,0.7595,-1
0.5715,0.9949,-1
0.5434,0.5867,-1
0.7396,0.2996,-1
0.1522,0.6304,-1
0.0824,0.1389,-1
0.6724,0.2082,-1
0.4237,0.1495,-1
0.1341,0.6195,-1
0.4584,0.7732,-1
0.0791,0.4718,-1
0.5789,0.5610,-1
0.3685,0.6339,-1
0.2128,0.4275,-1
0.0236,0.7095,-1
0.9922,0.2551,-1
0.1469,0.0383,-1
0.3494,0.1650,-1
0.5684,0.7439,-1
0.6513,0.8813,-1
0.8155,0.3522,-1
0.4807,0.5884,-1
0.0504,0.8021,-1
0.6338,0.4961,-1
0.0933,0.6485,-1
0.4642,0.7532,-1
0.9793,0.5968,-1
0.5435,0.7611,-1
0.4085,0.7129,-1
0.7163,0.9175,-1
0.2999,0.8092,-1
0.0913,0.2716,-1
0.9301,0.0205,-1
0.4094,0.5806,-1
0.9982,0.5708,-1
0.0368,0.7137,-1
0.5295,0.0443,-1
0.5045,0.6718,-1
0.7847,0.2444,-1
0.9821,0.2818,-1
0.8247,0.0368,-1
0.2974,0.3667,-1
0.7103,0.2737,-1
0.3654,0.2251,-1
0.1294,0.3710,-1
0.9454,0.2351,-1
0.0946,0.8276,-1
0.2479,0.4223,-1
0.1308,0.0190,-1
0.4124,0.1454,-1
0.1908,0.7380,-1
0.2209,0.5876,-1
0.8257,0.9097,-1
0.2827,0.4552,-1
0.8864,0.6682,-1
0.7212,0.1966,-1
0.4362,0.2567,-1
0.3270,0.9770,-1
0.4214,0.3700,-1
0.4627,0.3771,-1
0.3529,0.3618,-1
0.5604,0.5959,-1
0.4367,0.6361,-1
0.6408,0.5000,-1
0.9389,0.0111,-1
0.7139,0.5154,-1
0.0555,0.7040,-1
0.5224,0.0946,-1
0.8042,0.5266,-1
0.0074,0.4468,-1
0.0040,0.3270,-1
0.3302,0.0909,-1
0.4519,0.3073,-1
0.3935,0.1256,-1
0.6872,0.0889,-1
0.4649,0.6545,-1
0.8850,0.6212,-1
0.1223,0.7877,-1
0.2932,0.8755,-1
0.3153,0.4251,-1
0.2511,0.2519,-1
0.2362,0.9651,-1
0.5905,0.8791,-1
0.5699,0.0013,-1
0.2091,0.0826,-1
0.1886,0.1757,-1
0.8452,0.7964,-1
0.8139,0.3819,-1
0.4124,0.7382,-1
0.1670,0.7837,-1
0.6430,0.6249,-1
0.1518,0.6981,-1
0.2169,0.6058,-1
0.8917,0.9197,-1
0.0772,0.0740,-1
0.1542,0.1241,-1
0.7113,0.8966,-1
0.5067,0.3968,-1
0.6599,0.1320,-1
0.3055,0.9296,-1
0.5400,0.7077,-1
0.9543,0.0420,-1
0.7427,0.1069,-1
0.2496,0.5157,-1
0.2756,0.1890,-1
0.1352,0.9986,-1
0.5231,0.3695,-1
0.8381,0.3100,-1
0.7663,0.1395,-1
0.8475,0.1612,-1
0.3536,0.3621,-1
0.8098,0.0993,-1
0.8488,0.9798,-1
0.4967,0.9302,-1
0.4660,0.6036,-1
0.0793,0.8605,-1
0.2630,0.2801,-1
0.1822,0.3903,-1
0.2644,0.5378,-1
0.3083,0.6418,-1
0.6992,0.7180,-1
0.6365,0.0211,-1
0.5740,0.4623,-1
0.4873,0.0706,-1
0.7486,0.5393,-1
0.3145,0.0910,-1
0.3020,0.1955,-1
0.8602,0.3316,-1
0.0320,0.7295,-1
0.1851,0.3013,-1
0.9273,0.5336,-1
0.7596,0.0833,-1
0.0118,0.5108,-1
0.8573,0.6697,-1
0.9853,0.5266,-1
0.6359,0.1736,-1
0.5025,0.6918,-1
0.5677,0.0484,-1
0.5523,0.3702,-1
0.1269,0.5186,-1
0.8547,0.3208,-1
0.0227,0.7612,-1
0.5650,0.3907,-1
0.4778,0.5476,-1
0.6388,0.3980,-1
0.9354,0.4703,-1
0.3002,0.8435,-1
0.8597,0.2760,-1
0.8780,0.0772,-1
0.0511,0.2972,-1
0.7983,0.1572,-1
0.5636,0.0504,-1
0.0823,0.0802,-1
0.5966,0.7964,-1
0.5571,0.2265,-1
0.7094,0.3272,-1
0.0626,0.0042,-1
0.2399,0.5452,-1
0.6034,0.7620,-1
0.3021,0.7666,-1
0.2192,0.6983,-1
0.8182,0.8249,-1
0.9096,0.3871,-1
0.4345,0.7477,-1
0.6877,0.1223,-1
0.7624,0.8061,-1
0.7837,0.5791,-1
0.1949,0.9125,-1
0.4818,0.4373,-1
0.4287,0.9706,-1
0.3657,0.5733,-1
0.0926,0.0499,-1
0.7027,0.6870,-1
0.9457,0.2541,-1
0.7197,0.4077,-1
0.0114,0.6329,-1
0.3191,0.0163,-1
0.9735,0.8051,-1
0.6038,0.7507,-1
0.1523,0.9762,-1
0.3172,0.8596,-1
0.4262,0.7195,-1
0.0506,0.1722,-1
0.7365,0.6846,-1
0.3936,0.0939,-1
0.9504,0.0086,-1
0.0560,0.4077,-1
0.9163,0.8627,-1
0.8994,0.9701,-1
0.5690,0.6662,-1
0.9559,0.7355,-1
0.2584,0.0203,-1
0.5725,0.8297,-1
0.9180,0.4973,-1
0.7383,0.1757,-1
0.4618,0.3625,-1
0.0946,0.5675,-1
0.2112,0.3535,-1
0.7398,0.9663,-1
0.4920,0.6780,-1
0.7134,0.1100,-1
0.4315,0.0873,-1
0.3856,0.1469,-1
0.0159,0.2692,-1
0.9818,0.3869,-1
0.4910,0.5850,-1
0.4285,0.2647,-1
0.0900,0.9262,-1
0.9129,0.9527,-1
0.2198,0.4469,-1
0.8983,0.2448,-1
0.5315,0.6514,-1
0.8501,0.1938,-1
0.4105,0.7200,-1
0.6061,0.5175,-1
0.2735,0.6818,-1
0.0714,0.1030,-1
0.7145,0.5208,-1
0.9827,0.9305,-1
0.7472,0.0486,-1
0.9658,0.5830,-1
0.1748,0.6634,-1
0.9229,0.6669,-1
0.3915,0.3593,-1
0.6948,0.1796,-1
0.3220,0.5026,-1
0.0663,0.1089,-1
0.9992,0.8119,-1
0.0123,0.4060,-1
0.5182,0.8052,-1
0.5478,0.2425,-1
0.3174,0.4821,-1
0.7868,0.2485,-1
0.3846,0.8678,-1
0.6229,0.0877,-1
0.7205,0.7054,-1
0.6759,0.8040,-1
0.7645,0.0400,-1
0.1967,0.2448,-1
0.6491,0.1252,-1
0.4824,0.2834,-1
0.8064,0.9546,-1
0.8876,0.2246,-1
0.6889,0.1618,-1
0.7215,0.8816,-1
0.8646,0.0640,-1
0.2215,0.8945,-1
0.3500,0.3691,-1
0.6950,0.5363,-1
0.6765,0.1855,-1
0.2960,0.5591,-1
0.7817,0.9259,-1
0.1931,0.4286,-1
0.8490,0.2526,-1
0.1368,0.1882,-1
0.4463,0.9993,-1
0.1535,0.2108,-1
0.3993,0.8685,-1
0.3858,0.4984,-1
0.5791,0.9421,-1
0.6295,0.0257,-1
0.1238,0.9031,-1
0.8170,0.2911,-1
0.7757,0.9664,-1
0.3108,0.7500,-1
0.3636,0.3873,-1
0.8977,0.9396,-1
0.7911,0.2881,-1
0.2426,0.6118,-1
0.7225,0.6923,-1
0.7725,0.8828,-1
0.0330,0.5699,-1
0.6224,0.1032,-1
0.6044,0.5177,-1
0.0052,0.9628,-1
0.4654,0.9402,-1
0.3733,0.3927,-1
0.7550,0.3118,-1
0.5588,0.4600,-1
0.4709,0.2683,-1
0.4567,0.9567,-1
0.0472,0.3844,-1
0.5201,0.2271,-1
0.8405,0.7151,-1
0.3961,0.2993,-1
0.6893,0.3047,-1
0.4436,0.1565,-1
0.6718,0.6070,-1
0.4842,0.9243,-1
0.2835,0.2976,-1
0.0812,0.5047,-1
0.9221,0.6128,-1
0.3916,0.1701,-1
0.3800,0.4160,-1
0.6548,0.6647,-1
0.7487,0.4663,-1
0.0991,0.8014,-1
0.5689,0.1598,-1
0.0180,0.1537,-1
0.3620,0.9285,-1
0.2959,0.4658,-1
0.9836,0.0298,-1
0.8995,0.0401,-1
0.4906,0.2419,-1
0.2479,0.6140,-1
0.0579,0.5725,-1
0.3260,0.9154,-1
0.1612,0.0846,-1
0.3652,0.5228,-1
0.1911,0.2266,-1
0.0025,0.4064,-1
0.5411,0.4852,-1
0.1100,0.7774,-1
0.5917,0.4804,-1
0.8251,0.8266,-1
0.9594,0.8917,-1
0.1490,0.4285,-1
0.7681,0.7423,-1
0.5311,0.1599,-1
0.0017,0.8597,-1
0.6480,0.4288,-1
0.1195,0.3994,-1
0.3889,0.1828,-1
0.1935,0.8148,-1
0.1650,0.1007,-1
0.9191,0.9501,-1
0.3065,0.5953,-1
0.1105,0.7551,-1
0.0096,0.0551,-1
0.5270,0.4673,-1
0.3800,0.0978,-1
0.4866,0.3680,-1
0.1800,0.1239,-1
0.1127,0.6016,-1
0.5404,0.3465,-1
0.9807,0.3736,-1
0.2950,0.2342,-1
0.5264,0.5694,-1
0.2318,0.6062,-1
0.4774,0.9873,-1
0.9989,0.8199,-1
0.4297,0.8525,-1
0.1490,0.8191,-1
0.4107,0.3577,-1
0.0744,0.6584,-1
0.6406,0.0304,-1
0.8727,0.9570,-1
0.8094,0.4710,-1
0.4880,0.6408,-1
0.2779,0.3644,-1
0.9521,0.2464,-1
0.6344,0.9908,-1
0.3984,0.4697,-1
0.3611,0.1357,-1
0.5474,0.1502,-1
0.5029,0.7062,-1
0.5268,0.5928,-1
0.1840,0.4746,-1
0.7169,0.5784,-1
0.1590,0.1852,-1
0.4986,0.8005,-1
0.3735,0.3777,-1
0.4251,0.9080,-1
0.5294,0.1221,-1
0.8820,0.2759,-1
0.5952,0.8811,-1
0.3115,0.6907,-1
0.0567,0.0333,-1
0.3799,0.3211,-1
0.8342,0.0931,-1
0.1169,0.8602,-1
0.5150,0.9030,-1
0.7918,0.2602,-1
0.8709,0.2468,-1
0.7603,0.1177,-1
0.4267,0.7000,-1
0.5208,0.9621,-1
0.1687,0.1046,-1
0.1100,0.8146,-1
0.4575,0.8805,-1
0.4029,0.5190,-1
0.8279,0.3457,-1
0.0971,0.0561,-1
0.4229,0.3062,-1
0.3371,0.8557,-1
0.2807,0.3732,-1
0.4743,0.9521,-1
0.9156,0.4778,-1
0.3921,0.6175,-1
0.3142,0.3925,-1
0.4805,0.2711,-1
0.0131,0.1451,-1
0.9974,0.2531,-1
0.4065,0.2211,-1
0.6377,0.3848,-1
0.4994,0.8838,-1
0.6061,0.8973,-1
0.7317,0.7164,-1
0.6065,0.5223,-1
0.1333,0.7483,-1
0.3523,0.9451,-1
0.3448,0.6069,-1
0.9247,0.4698,-1
0.9335,0.4835,-1
0.4820,0.5681,-1
0.9954,0.8147,-1
0.9230,0.7173,-1
0.6037,0.4737,-1
0.1106,0.9224,-1
0.9745,0.8128,-1
0.8780,0.2908,-1
0.1829,0.4492,-1
0.2678,0.1945,-1
0.5051,0.8002,-1
0.9594,0.2741,-1
0.2212,0.6973,-1
0.3051,0.7758,-1
0.7244,0.1097,-1
0.5634,0.2411,-1
0.3551,0.8802,-1
0.3449,0.5751,-1
0.2089,0.5995,-1
0.6434,0.3080,-1
0.5716,0.8661,-1
0.8898,0.7864,-1
0.3741,0.1581,-1
0.7235,0.0446,-1
0.7750,0.7301,-1
0.6709,0.4601,-1
0.1621,0.5696,-1
0.0117,0.6051,-1
0.1614,0.5695,-1
0.2764,0.5172,-1
0.7789,0.9965,-1
0.1625,0.7581,-1
0.2889,0.6763,-1
0.5062,0.8761,-1
0.9757,0.0468,-1
0.2924,0.6477,-1
0.5801,0.4513,-1
0.7530,0.7759,-1
0.1492,0.2081,-1
0.3160,0.0271,-1
0.1015,0.8666,-1
0.9909,0.4625,-1
0.3479,0.8393,-1
0.6136,0.6594,-1
0.5424,0.9563,-1
0.4342,0.3129,-1
0.3398,0.2335,-1
0.0290,0.2360,-1
0.6756,0.3593,-1
0.7253,0.4901,-1
0.8176,0.4595,-1
0.7812,0.7454,-1
0.9475,0.2700,-1
0.5735,0.1944,-1
0.2038,0.9769,-1
0.5644,0.3227,-1
0.5812,0.9485,-1
0.5066,0.7780,-1
0.9150,0.2427,-1
0.4385,0.1950,-1
0.6734,0.6661,-1
0.3932,0.9140,-1
0.9859,0.1216,-1
0.7776,0.1857,-1
0.2049,0.2029,-1
0.5077,0.3466,-1
0.4001,0.4038,-1
0.1015,0.9537,-1
0.7373,0.5548,-1
0.1703,0.7441,-1
0.9263,0.8750,-1
0.6515,0.2044,-1
0.4440,0.1858,-1
0.7864,0.1383,-1
0.1552,0.6864,-1
0.9076,0.4404,-1
0.0219,0.6954,-1
0.4794,0.1668,-1
0.4209,0.1324,-1
0.5121,0.5822,-1
0.4948,0.6999,-1
0.4791,0.5457,-1
0.0104,0.7074,-1
0.7288,0.0832,-1
0.0618,0.6421,-1
0.2593,0.9933,-1
0.8968,0.5765,-1
0.7377,0.7563,-1
0.0405,0.9284,-1
0.5385,0.8655,-1
0.7227,0.3277,-1
0.5960,0.1810,-1
0.7863,0.5317,-1
0.2507,0.2146,-1
0.3247,0.6338,-1
0.5317,0.3752,-1
0.8241,0.6897,-1
0.6941,0.3811,-1
0.0324,0.2155,-1
0.1473,0.7965,-1
0.0927,0.6953,-1
0.6265,0.2376,-1
0.0973,0.9617,-1
0.3999,0.2697,-1
0.7986,0.3438,-1
0.3931,0.7471,-1
0.7213,0.1147,-1
0.6782,0.8838,-1
0.8611,0.5404,-1
0.9431,0.0553,-1
0.8105,0.6922,-1
0.4374,0.8703,-1
0.5253,0.1512,-1
0.9246,0.0008,-1
0.7553,0.7178,-1
0.5486,0.6801,-1
0.5079,0.3887,-1
0.5571,0.3525,-1
0.6365,0.7186,-1
0.6649,0.0085,-1
0.6073,0.3495,-1
0.2805,0.3013,-1
0.5704,0.6000,-1
0.7760,0.5744,-1
0.3767,0.1990,-1
0.9803,0.6541,-1
0.2391,0.4511,-1
0.0385,0.2428,-1
0.9353,0.4876,-1
0.4110,0.8425,-1
0.8420,0.8105,-1
0.6910,0.0557,-1
0.0516,0.5734,-1
0.8121,0.8106,-1
0.6524,0.1147,-1
0.5099,0.9734,-1
0.3465,0.4435,-1
0.6965,0.0821,-1
0.4244,0.6203,-1
0.3333,0.6749,-1
0.9022,0.3312,-1
0.7230,0.8027,-1
0.6423,0.4445,-1
0.6069,0.1454,-1
0.0992,0.1162,-1
0.6247,0.4368,-1
